https://www.thespruceeats.com/thmb/9cgBTZ10Zu8DzfWxl2tHxoNn_Q4=/6240x4160/filters:fill(auto,1)/how-to-make-dosa-1957716-Hero-5b59e84346e0fb0071e637c5.jpg
https://www.indianhealthyrecipes.com/wp-content/uploads/2016/03/dosa-recipe-500x500.jpg
https://upload.wikimedia.org/wikipedia/commons/thumb/9/9f/Dosa_at_Sri_Ganesha_Restauran%2C_Bangkok_%2844570742744%29.jpg/1200px-Dosa_at_Sri_Ganesha_Restauran%2C_Bangkok_%2844570742744%29.jpg
https://i.ytimg.com/vi/CCab5oh0ZOc/maxresdefault.jpg
https://www.archanaskitchen.com/images/archanaskitchen/0-Archanas-Kitchen-Recipes/2019/High_Protein_Soya_Dosa_Recipe_Video_5.jpg
https://i2.wp.com/www.happyandharried.com/wp-content/uploads/2018/04/HOW-TO-MAKE-CRISP-DOSAS-HAPPYHARRIED.jpg
https://food.fnr.sndimg.com/content/dam/images/food/fullset/2019/10/9/DV3016_masala-dosa_s4x3.jpg.rend.hgtvcom.826.620.suffix/1570635680579.jpeg
https://www.recipeselected.com/wp-content/uploads/2019/03/Recipes-Selected-Indian-Dosa.jpg
https://www.indianhealthyrecipes.com/wp-content/uploads/2016/06/masala-dosa-1-500x500.jpg
http://www.ndtv.com/cooks/images/dosa%20new.jpg
https://www.vegrecipesofindia.com/wp-content/uploads/2018/10/dosa-recipe-1a-500x375.jpg
https://static01.nyt.com/images/2015/01/28/dining/28KITCHEN1/28KITCHEN1-articleLarge.jpg
https://www.vegrecipesofindia.com/wp-content/uploads/2016/09/sabudana-dosa-recipe-1.jpg
https://akm-img-a-in.tosshub.com/sites/dailyo/story/embed/201812/masala-dosa_122818053242.jpg
https://www.foodfitnessbeautyandmore.com/wp-content/uploads/2017/08/mixed-dal-dosa-12.jpg
http://hebbarskitchen.com/wp-content/uploads/mainPhotos/mysore-masala-dosa-recipe-mysore-dosa-mysore-masala-dose-27.jpeg
https://holycowvegan.net/wp-content/uploads/2017/11/instant-gf-masala-dosa-2.jpg
https://m.recipes.timesofindia.com/recipes/paper-dosa/photo/53239433.cms
https://d2vfuonq97e746.cloudfront.net/wp-content/uploads/2018/05/Masala-Dosa_03-main.jpg
https://www.awesomecuisine.com/wp-content/uploads/2014/07/mysore_masala_dosa.jpg
https://www.spiceupthecurry.com/wp-content/uploads/2016/10/dosa-recipe-4.jpg
https://www.archanaskitchen.com/images/archanaskitchen/0-Archanas-Kitchen-Recipes/2019/Moong_Dal_Dosa_Recipe_Video_5.jpg
https://www.indianhealthyrecipes.com/wp-content/uploads/2016/03/masala-dosa.jpg
https://www.ndtv.com/cooks/images/mysore.masala.dosa.1%20%281%29.jpg
https://i0.wp.com/www.carveyourcraving.com/wp-content/uploads/2015/10/IMG_2079.jpg?fit=2142%2C2668&ssl=1
https://www.whiskaffair.com/wp-content/uploads/2017/12/Schezwan-Dosa-4.jpg
https://www.sbs.com.au/food/sites/sbs.com.au.food/files/styles/full/public/far-flung-dosa-2.jpg?itok=w8fjMKbV
https://miro.medium.com/max/940/0*NsaoQuhkfTvO-h40.
https://www.vegrecipesofindia.com/wp-content/uploads/2010/01/masala-dosa-recipe-restaurant-style.jpg
https://secureservercdn.net/160.153.138.163/2f4.fe6.myftpupload.com/wp-content/uploads/2018/04/PlainDosa-Foodgawker2-min.jpg
https://keyassets-p2.timeincuk.net/wp/prod/wp-content/uploads/sites/53/2012/10/dosa.jpg
https://www.vegrecipesofindia.com/wp-content/uploads/2018/11/plain-dosa-recipe-1a.jpg
https://www.archanaskitchen.com/images/archanaskitchen/0-Archanas-Kitchen-Recipes/2019/Id_Fresh_Masala_Dosa_Recipe_With_Sambar_and_Chutney_2_1600.jpg
https://i.ndtvimg.com/i/2017-11/instant-dosa_620x330_61509951712.jpg
http://hebbarskitchen.com/wp-content/uploads/2015/11/dosa-recipe-plain-dosa-recipe-sada-dosa-recipe-1.jpeg
https://m.recipes.timesofindia.com/recipes/masala-dosa/photo/54289752.cms
https://timesofindia.indiatimes.com/thumb/msid-49126724,width-800,height-600,resizemode-4/49126724.jpg
https://www.cookclickndevour.com/wp-content/uploads/2017/11/ghee-roast-dosa-recipe-a.jpg
https://cdn3.foodviva.com/static-content/food-images/south-indian-recipes/dosa-recipe/dosa-recipe.jpg
https://achalafood.com/wp-content/uploads/2019/08/butter-rava-dosa-featured-image.jpg
https://cdn.vox-cdn.com/thumbor/oDkbqMzRUocixnRHY-q8vlguMe8=/0x0:2767x1490/1200x800/filters:focal(1163x524:1605x966)/cdn.vox-cdn.com/uploads/chorus_image/image/65302851/revival_artofdosa_masala_dosa_plate.0.jpg
https://www.vegrecipesofindia.com/wp-content/uploads/2018/09/rava-dosa-recipe-1.jpg
https://1.bp.blogspot.com/-EsjbR7duQfU/XAEd5G1TmZI/AAAAAAAA3_8/zwOLEcrhQ-M08603e9SuswxviD3alojigCLcBGAs/s1600/Soft-dosa-batter-recipe.jpg
http://www.pbs.org/food/wp-content/blogs.dir/2/files/2013/08/nk-wgbh-masala-dosa640x360.jpg
http://hebbarskitchen.com/wp-content/uploads/2016/11/masala-dosa-recipe-masala-dosa-batter-recipe-in-mixie-22.jpeg
https://upload.wikimedia.org/wikipedia/commons/f/f3/Neer-dosa.jpg
https://www.tarladalal.com/members/9306/big/big_mysore_sada_dosa_(_mumbai_roadside_recipe)-14100.jpg
https://www.deccanherald.com/sites/dh/files/styles/article_detail/public/article_images/2019/01/22/file6yzpbem5tnmav27sk75-1548099001.jpg?itok=WVgTE0Ty
https://www.masalakorb.com/wp-content/uploads/2017/03/Ghee-Roast-Dosa-Recipe-Crispy-Paper-Dosa-V1n.jpg
https://www.sbs.com.au/food/sites/sbs.com.au.food/files/masala-dosa.jpg
http://www.nithyas-kitchen.com/wp-content/uploads/2016/06/masala-dosa.1024x1024.jpg
https://i1.wp.com/www.cookingfromheart.com/wp-content/uploads/2016/06/Wheat-Dosa-5.jpg?fit=776%2C533
http://www.cooktube.in/wp-content/uploads/2018/03/masala-dosa.jpg
https://www.vegrecipesofindia.com/wp-content/uploads/2013/05/mysore-masala-dosa-recipe-2-500x375.jpg
https://www.yourhungerstop.com/wp-content/uploads/2019/05/Set-Dosa.jpg
https://cms.splendidtable.org/sites/default/files/styles/900x500/public/Dosa-Dog-LEDE.jpg?itok=HSKtvnXB
https://i.pinimg.com/736x/00/a0/92/00a092d17d90fd133ed99e29eac3df8d.jpg
https://hebbarskitchen.com/wp-content/uploads/mainPhotos/spring-dosa-recipe-schezwan-dosa-recipe-chinese-dosa-recipe-2.jpeg
http://somethingscookingwithalpa.com/wp-content/uploads/2018/02/JiniDosa_Wb.jpg
https://upload.wikimedia.org/wikipedia/commons/f/f7/Dosa_%28South_Indian_cuisine%29.jpg
https://www.bigbasket.com/media/uploads/recipe/w-l/1778_6_1.jpg
https://holycowvegan.net/wp-content/uploads/2014/04/masala-dosa-1-680x672.jpg
https://prods3.imgix.net/images/articles/2016_04/Featured-Article-CI-Dosas-Indian-Food-Crepes-Indian-Recipes.jpg?auto=format%2Ccompress&dpr=2.63&ixjsv=2.2.3&q=38&w=370
https://i0.wp.com/www.palatesdesire.com/wp-content/uploads/2019/06/Set_Dosa@palates_desire.jpg?fit=4607%2C3997&ssl=1
https://www.spiceupthecurry.com/wp-content/uploads/2016/12/masala-dosa-recipe-10.jpg
https://m.recipes.timesofindia.com/thumb/53238878.cms?width=600&height=600&imgsize=510909
https://img.taste.com.au/zDpd1GzG/taste/2017/02/dosa-with-spicy-beef-and-eggplant-mince-119458-1.jpg
https://imagesvc.meredithcorp.io/v3/mm/image?url=https%3A%2F%2Fcdn-image.myrecipes.com%2Fsites%2Fdefault%2Ffiles%2Fstyles%2Fmedium_2x%2Fpublic%2Ffield%25252Fimage%25252Ftemple-canteen-hero-11.jpg%3Fitok%3DvTYL3Fah&w=450&c=sc&poi=face&q=85
https://myheartbeets.com/wp-content/uploads/2019/02/instant-pot-idli-how-to-make-idli.jpg
https://www.myvegfare.com/wp-content/uploads/2016/05/4-Dosa-1-4.jpg
https://upload.wikimedia.org/wikipedia/commons/a/a4/Dosai_Chutney_Hotel_Saravana_Bhavan.jpg
https://www.plattershare.com/common/uploaded_files/recipe/590197f442665_pb.jpg
https://www.tarladalal.com/members/9306/big/big_masala_dosa_(_mumbai_roadside_recipe)-13805.jpg?size=696X905
https://www.culturesforhealth.com/learn/wp-content/uploads/2016/04/Fermented-Indian-Dosas-Recipe_header_01.jpg
https://5.imimg.com/data5/TO/VR/MY-4094990/masala-dosa-500x500.jpg
https://www.flavourstreat.com/wp-content/uploads/2019/03/korralu-dosa-recipe.jpg
https://i2.wp.com/www.cookingandme.com/wp-content/uploads/2013/11/dosa.jpg?zoom=2.625&resize=370%2C558&ssl=1
https://i.ytimg.com/vi/CGjOJ2VZmb8/maxresdefault.jpg
https://www.insauga.com/sites/default/files/imagecache/lead-image-full/article/2018/10/dosacover.jpg
http://secureservercdn.net/166.62.113.120/db4.60a.myftpupload.com/wp-content/uploads/2015/12/Masala-Dosa-H1.jpg
https://cdn77-s3.lazycatkitchen.com/wp-content/uploads/2017/10/vegan-masala-dosa-800x1200.jpg
https://www.fermentingforfoodies.com/wp-content/uploads/2014/10/Indian-fermented-rice-dosas-are-gluten-free-and-vegan.jpg
http://mydaintykitchen.com/wp-content/uploads/2018/05/Masala-dosa-500x375.jpg
https://i1.wp.com/bhavnaskitchen.com/wp-content/uploads/2017/02/SpringDosa.jpg?fit=1086%2C724&ssl=1
https://www.sandyathome.com/wp-content/uploads/2017/09/masala-dosa-recipe-750x422.png
https://www.pepperbowl.com/wp-content/uploads/2019/02/spring-dosa.jpg
https://media.cntraveller.in/wp-content/uploads/2018/04/Mylari-Dosa-pankaj1-866x487.jpg
https://www.awesomecuisine.com/wp-content/uploads/2017/03/samai_dosa.png
https://i0.wp.com/stepintothekitchen.com/wp-content/uploads/2019/07/20190701_204602.jpg?fit=1000%2C750&ssl=1
https://www.saveur.com/sites/saveur.com/files/images/2018/10/masala-dosa-1200x1183.jpg
https://www.luvmyrecipe.com/wp-content/uploads/Schezwan-Chutney-02-1.jpg
https://i.ndtvimg.com/i/2016-10/dosa_620x350_61477398928.jpg
https://i2.wp.com/healthyvegrecipes.com/wp-content/uploads/2016/02/pdb1.jpg
https://www.sbs.com.au/food/sites/sbs.com.au.food/files/styles/full/public/MJCN---Southern-India-Dosa_0.jpg?itok=qqghuX58
https://ww2.kqed.org/wp-content/uploads/sites/24/2016/07/IMG_7693-800x600.jpg
http://3.bp.blogspot.com/-eBkU3byMgj8/UqzxEebWNZI/AAAAAAAACmA/8VMk1luqpOc/s1600/Crisp_Kambu_Dosa0.jpg
https://www.foodfitnessbeautyandmore.com/wp-content/uploads/2017/03/brown-rice-dosa-caption-3.jpg
https://upload.wikimedia.org/wikipedia/commons/0/0b/Dosa_and_ghee.jpg
https://udupi-recipes.com/wp-content/uploads/2018/06/pudi-dosa-1-480x270.jpg
https://nishkitchen.com/wp-content/uploads/2017/11/Masala-dosa-2B.jpg